{
    "best_params": {
        "n_estimators": 206,
        "learning_rate": 0.04516953203270669,
        "num_leaves": 287,
        "max_depth": 7,
        "min_child_samples": 78,
        "feature_fraction": 0.8301630938781522,
        "bagging_fraction": 0.4141660352118857,
        "bagging_freq": 5,
        "lambda_l1": 2.4713492005423925e-08,
        "lambda_l2": 1.2619688584379663e-07
    },
    "best_score": 26.43537386147744,
    "feature_names": [
        "rsi",
        "macd_diff",
        "stoch_osc",
        "adx",
        "adx_power",
        "cci",
        "williams_r",
        "cvd",
        "cvd_short_term"
    ],
    "trained_at": "2025-07-29T19:38:32.379410"
}