{
    "best_params": {
        "n_estimators": 321,
        "learning_rate": 0.039835476339038646,
        "num_leaves": 257,
        "max_depth": 9,
        "min_child_samples": 90,
        "feature_fraction": 0.8321586300674098,
        "bagging_fraction": 0.7115815504071069,
        "bagging_freq": 4,
        "lambda_l1": 0.0009786195394452496,
        "lambda_l2": 0.440515452756699
    },
    "best_score": 33.360437718105416,
    "feature_names": [
        "atr",
        "bb_width",
        "bb_pband",
        "price_change_1m",
        "price_change_5m",
        "momentum_10m",
        "volatility_ratio"
    ],
    "trained_at": "2025-07-29T19:34:46.864715"
}